Mid;USD;COP;ARS;AUD;BRL;CAD;CHF;CLP;CNH;CNY;EUR;GBP;JPY;KRW;MXN;MYR;NOK;NZD;PEN;RUB;SEK;ZAR;DKK;CZK;CRC;HNL;GTQ;CLF;UVR;SGD;HKD;DOP;VEF;PLN;TRY;HUF;KWD;TTD;IDR;ILS;INR;PHP;PYG;THB;TWD;UYU;UDI;NIO;ANG;XCD;GYD;ETB;JMD;AED;QAR;BGN;MAD
USD;1;3784.7;1391.9764;1.381131;4.997009;1.372415;0.781918;891;6.7853;6.785165;0.854555;0.740198;157.947359;1491.72791;17.198342;3.931465;9.227482;1.686378;3.4149;73.4221;9.327038;16.406939;6.386002;20.76739;454.405;26.6075;7.62525;0.022096;9.220763;1.273372;7.83302;59.522;509.7675;3.621432;45.434712;305.443514;0.30635;6.7533;17464.997436;2.905315;95.767817;61.526235;6096.8;32.314989;31.527;40.074;1.9451;36.6243;1.79;2.7;209.2;157.2819;157.7135;3.6725;3.6455;1.671338;9.1992
COP;0.000264;1;0.36779;0.000365;0.00132;0.000363;0.000207;0.235422;0.001793;0.001793;0.000226;0.000196;0.041733;0.394147;0.004544;0.001039;0.002438;0.000446;0.000902;0.0194;0.002464;0.004335;0.001687;0.005487;0.120064;0.00703;0.002015;0.000006;0.002436;0.000336;0.00207;0.015727;0.134692;0.000957;0.012005;0.080705;0.000081;0.001784;4.614632;0.000768;0.025304;0.016257;1.610907;0.008538;0.00833;0.010588;0.000514;0.009677;0.000473;0.000713;0.055275;0.041557;0.041671;0.00097;0.000963;0.000442;0.002431
ARS;0.000718;2.71894;1;0.000992;0.00359;0.000986;0.000562;0.640097;0.004875;0.004874;0.000614;0.000532;0.11347;1.071662;0.012355;0.002824;0.006629;0.001211;0.002453;0.052747;0.006701;0.011787;0.004588;0.014919;0.326446;0.019115;0.005478;0.000016;0.006624;0.000915;0.005627;0.042761;0.366218;0.002602;0.03264;0.219432;0.00022;0.004852;12.546906;0.002087;0.0688;0.044201;4.379959;0.023215;0.022649;0.028789;0.001397;0.026311;0.001286;0.00194;0.15029;0.112992;0.113302;0.002638;0.002619;0.001201;0.006609
AUD;0.724044;2740.289531;1007.852236;1;3.618055;0.993689;0.566143;645.123252;4.912856;4.912758;0.618735;0.535936;114.360846;1080.076723;12.452357;2.846554;6.681104;1.221012;2.472538;53.160835;6.753186;11.879347;4.623747;15.036505;329.009238;19.265002;5.521017;0.015998;6.676239;0.921977;5.671452;43.09655;369.094127;2.622076;32.896733;221.15456;0.221811;4.889687;12645.427546;2.103576;69.340119;44.547704;4414.351788;23.397476;22.826937;29.015341;1.408338;26.517607;1.296039;1.954919;151.470016;113.879024;114.191522;2.659052;2.639503;1.210123;6.660626
BRL;0.20012;757.393064;278.561912;0.276392;1;0.274647;0.156477;178.306661;1.357872;1.357845;0.171013;0.148128;31.60838;298.524156;3.441727;0.786764;1.846601;0.337478;0.683389;14.693209;1.866524;3.283352;1.277965;4.155964;90.935396;5.324685;1.525963;0.004422;1.845256;0.254827;1.567542;11.911525;102.014524;0.72472;9.092381;61.125267;0.061307;1.351468;3495.090209;0.581411;19.165028;12.312612;1220.089844;6.466866;6.309174;8.019597;0.389253;7.329244;0.358214;0.540323;41.865043;31.475208;31.56158;0.73494;0.729536;0.334468;1.840941
CAD;0.728643;2757.693611;1014.25329;1.006351;3.641034;1;0.569738;649.220548;4.944059;4.94396;0.622665;0.53934;115.087173;1086.936488;12.531445;2.864633;6.723537;1.228767;2.488242;53.498469;6.796077;11.954795;4.653113;15.132005;331.098836;19.387358;5.556082;0.0161;6.718641;0.927833;5.707472;43.370264;371.438312;2.63873;33.105666;222.559153;0.22322;4.920742;12725.740971;2.116936;69.780511;44.830635;4442.388144;23.546077;22.971915;29.199623;1.417283;26.686025;1.30427;1.967335;152.43203;114.602291;114.916773;2.67594;2.656267;1.217808;6.702929
CHF;1.278907;4840.279716;1780.208506;1.766339;6.39071;1.755191;1;1139.50623;8.677768;8.677596;1.092896;0.946645;202;1907.781421;21.995082;5.027978;11.801093;2.156721;4.36734;93.900045;11.928415;20.982951;8.167104;26.559563;581.141783;34.028521;9.751986;0.028259;11.792499;1.628525;10.017705;76.123109;651.945277;4.631475;58.106776;390.63388;0.391793;8.636843;22336.10929;3.715628;122.478142;78.686339;7797.240831;41.327869;40.320104;51.250923;2.487602;46.839077;2.289244;3.453049;267.547366;201.148939;201.700916;4.696786;4.662256;2.137486;11.764922
CLP;0.001122;4.247699;1.562263;0.00155;0.005608;0.00154;0.000878;1;0.007615;0.007615;0.000959;0.000831;0.17727;1.674218;0.019302;0.004412;0.010356;0.001893;0.003833;0.082404;0.010468;0.018414;0.007167;0.023308;0.509994;0.029863;0.008558;0.000025;0.010349;0.001429;0.008791;0.066804;0.57213;0.004064;0.050993;0.34281;0.000344;0.007579;19.601568;0.003261;0.107484;0.069053;6.842649;0.036268;0.035384;0.044976;0.002183;0.041105;0.002009;0.00303;0.234792;0.176523;0.177007;0.004122;0.004091;0.001876;0.010325
CNH;0.147377;557.779317;205.145889;0.203548;0.736446;0.202263;0.115237;131.31328;1;0.99998;0.125942;0.109089;23.277874;219.847009;2.534647;0.579409;1.359923;0.248534;0.503279;10.82076;1.374595;2.418012;0.941153;3.060644;66.969036;3.921345;1.12379;0.003256;1.358932;0.187666;1.15441;8.772199;75.128218;0.533717;6.696051;45.015477;0.045149;0.995284;2573.946242;0.428178;14.114014;9.067578;898.530647;4.7625;4.646368;5.906003;0.286664;5.397595;0.263806;0.397919;30.831356;23.1798;23.243409;0.541244;0.537264;0.246318;1.355754
CNY;0.14738;557.790421;205.149973;0.203552;0.736461;0.202267;0.115239;131.315894;1.00002;1;0.125945;0.109091;23.278338;219.851385;2.534698;0.579421;1.35995;0.248539;0.503289;10.820975;1.374622;2.41806;0.941171;3.060705;66.970369;3.921423;1.123812;0.003257;1.358959;0.18767;1.154433;8.772373;75.129714;0.533728;6.696184;45.016373;0.04515;0.995304;2573.997481;0.428186;14.114295;9.067758;898.548534;4.762594;4.64646;5.90612;0.28667;5.397702;0.263811;0.397927;30.83197;23.180262;23.243871;0.541254;0.537275;0.246322;1.355781
EUR;1.1702;4428.85594;1628.890783;1.6162;5.8475;1.606;0.915;1042.6482;7.940158;7.94;1;0.86618;184.83;1745.62;20.1255;4.6006;10.798;1.9734;3.996116;85.918541;10.9145;19.1994;7.4729;24.302;531.744731;31.136096;8.923068;0.025857;10.790137;1.4901;9.1662;69.652644;596.529928;4.2378;53.1677;357.43;0.358491;7.902712;20437.54;3.3998;112.0675;71.998;7134.47536;37.815;36.892895;46.894595;2.276156;42.857756;2.094658;3.15954;244.80584;184.051279;184.556338;4.297559;4.265964;1.9558;10.764904
GBP;1.350989;5113.089589;1880.545364;1.865894;6.750906;1.854118;1.056362;1203.731557;9.166868;9.166686;1.154494;1;213.385209;2015.308596;23.234778;5.311367;12.466231;2.278279;4.613494;99.192479;12.60073;22.165601;8.627422;28.056524;613.896339;35.946451;10.301632;0.029851;12.457153;1.720312;10.582327;80.413591;688.69049;4.892517;61.381814;412.65095;0.413876;9.123637;23595.026438;3.92505;129.381306;83.121291;8236.712185;43.657208;42.592643;54.139549;2.62781;49.479041;2.418271;3.647671;282.626983;212.48618;213.069267;4.961509;4.925032;2.25796;12.428022
JPY;0.006331;23.961781;8.812913;0.008744;0.031637;0.008689;0.00495;5.64112;0.042959;0.042958;0.00541;0.004686;1;9.444462;0.108887;0.024891;0.058421;0.010677;0.02162;0.464852;0.059052;0.103876;0.040431;0.131483;2.87694;0.168458;0.048277;0.00014;0.058379;0.008062;0.049593;0.376847;3.227452;0.022928;0.287657;1.933831;0.00194;0.042757;110.574798;0.018394;0.606327;0.389536;38.600202;0.204593;0.199604;0.253717;0.012315;0.231877;0.011333;0.017094;1.324492;0.995787;0.998519;0.023251;0.02308;0.010582;0.058242
KRW;0.00067;2.537125;0.93313;0.000926;0.00335;0.00092;0.000524;0.597294;0.004549;0.004549;0.000573;0.000496;0.105882;1;0.011529;0.002636;0.006186;0.00113;0.002289;0.049219;0.006253;0.010999;0.004281;0.013922;0.304617;0.017837;0.005112;0.000015;0.006181;0.000854;0.005251;0.039901;0.34173;0.002428;0.030458;0.204758;0.000205;0.004527;11.707897;0.001948;0.064199;0.041245;4.087072;0.021663;0.021135;0.026864;0.001304;0.024552;0.0012;0.00181;0.14024;0.105436;0.105725;0.002462;0.002444;0.00112;0.006167
MXN;0.058145;220.061909;80.936662;0.080306;0.290552;0.079799;0.045465;51.807319;0.394532;0.394524;0.049688;0.043039;9.183871;86.736727;1;0.228596;0.536533;0.098055;0.19856;4.269138;0.542322;0.953984;0.371315;1.207523;26.421442;1.547097;0.443371;0.001285;0.536143;0.07404;0.455452;3.460915;29.640502;0.210569;2.641808;17.760056;0.017813;0.392672;1015.504708;0.16893;5.568433;3.577451;354.499285;1.87896;1.833142;2.330108;0.113098;2.129525;0.10408;0.156992;12.163963;9.145178;9.170273;0.213538;0.211968;0.09718;0.534889
MYR;0.254358;962.669204;354.06051;0.351302;1.27103;0.349085;0.198887;226.633091;1.725896;1.725862;0.217363;0.188275;40.175195;379.433117;4.374538;1;2.347085;0.428944;0.868608;18.675508;2.372408;4.173238;1.624332;5.282354;115.581605;6.767834;1.939544;0.00562;2.345376;0.323893;1.992392;15.139904;129.663507;0.921141;11.556688;77.69204;0.077923;1.717757;4442.364039;0.738991;24.359323;15.649698;1550.77063;8.21958;8.019149;10.193148;0.494752;9.315688;0.455301;0.686767;53.21172;40.00593;40.11571;0.93413;0.927263;0.425118;2.339891
NOK;0.108372;410.155208;150.851156;0.149676;0.541535;0.148731;0.084738;96.559381;0.735336;0.735321;0.09261;0.080217;17.117059;161.661419;1.863817;0.42606;1;0.182756;0.370079;7.956894;1.010789;1.778051;0.692063;2.250602;49.244743;2.883506;0.826363;0.002395;0.999272;0.137998;0.848879;6.450513;55.244483;0.392462;4.923847;33.1015;0.0332;0.731868;1892.715318;0.314855;10.378542;6.667716;660.721926;3.502037;3.416642;4.342896;0.210794;3.969046;0.193986;0.292604;22.671406;17.044942;17.091715;0.397996;0.39507;0.181126;0.996935
NZD;0.592987;2244.276852;825.423525;0.818993;2.96316;0.813824;0.463667;528.351171;4.023593;4.023513;0.50674;0.438928;93.660687;884.574845;10.198389;2.331306;5.471775;1;2.02499;43.538331;5.53081;9.729097;3.786815;12.314787;269.456132;15.777894;4.521672;0.013103;5.46779;0.755093;4.644877;35.295756;302.28536;2.147461;26.942181;181.123949;0.181661;4.004617;10356.511604;1.722813;56.789044;36.48424;3615.321455;19.162359;18.695092;23.76335;1.153419;21.717724;1.061446;1.601064;124.052823;93.266079;93.522012;2.177744;2.161733;0.991081;5.455003
PEN;0.292834;1108.29014;407.618495;0.404443;1.463296;0.40189;0.228972;260.9154;1.986969;1.986929;0.250243;0.216755;46.252411;436.829163;5.036265;1.151268;2.702124;0.49383;1;21.500512;2.731277;4.804515;1.870041;6.081405;133.06539;7.79159;2.232935;0.00647;2.700156;0.372887;2.293777;17.430086;149.277431;1.06048;13.304844;89.444351;0.08971;1.977598;5114.35106;0.850776;28.044106;18.016995;1785.352426;9.462939;9.232188;11.735043;0.569592;10.724853;0.524173;0.790653;61.260945;46.057542;46.183929;1.075434;1.067528;0.489425;2.693842
RUB;0.01362;51.54715;18.958548;0.018811;0.068059;0.018692;0.01065;12.135311;0.092415;0.092413;0.011639;0.010081;2.151224;20.317151;0.234239;0.053546;0.125677;0.022968;0.046511;1;0.127033;0.22346;0.086977;0.282849;6.18894;0.362391;0.103855;0.000301;0.125586;0.017343;0.106685;0.810682;6.942971;0.049323;0.618815;4.160103;0.004172;0.091979;237.871124;0.03957;1.304346;0.83798;83.037668;0.440126;0.429394;0.545803;0.026492;0.498818;0.02438;0.036774;2.849278;2.14216;2.148039;0.050019;0.049651;0.022763;0.125292
SEK;0.107215;405.777263;149.24099;0.148078;0.535755;0.147144;0.083833;95.528719;0.727487;0.727473;0.091621;0.07936;16.934353;159.935865;1.843923;0.421513;0.989326;0.180805;0.366129;7.871963;1;1.759073;0.684676;2.226579;48.71911;2.852728;0.817542;0.002369;0.988606;0.136525;0.839819;6.381661;54.65481;0.388272;4.87129;32.748179;0.032845;0.724056;1872.512712;0.311494;10.267763;6.596546;653.669464;3.464657;3.380173;4.296541;0.208544;3.926681;0.191915;0.289481;22.429414;16.863006;16.90928;0.393748;0.390853;0.179193;0.986294
ZAR;0.06095;230.676789;84.840713;0.08418;0.304567;0.083648;0.047658;54.306291;0.413563;0.413555;0.052085;0.045115;9.626863;90.92055;1.048236;0.239622;0.562413;0.102784;0.208138;4.475064;0.568481;1;0.389226;1.265769;27.695904;1.621722;0.464758;0.001347;0.562004;0.077612;0.477421;3.627855;31.070238;0.220726;2.769238;18.616728;0.018672;0.411612;1064.488474;0.177078;5.837031;3.750013;371.598871;1.969593;1.921565;2.442503;0.118554;2.232245;0.1091;0.164565;12.750703;9.586304;9.61261;0.223838;0.222193;0.101868;0.56069
DKK;0.156592;592.655588;217.973047;0.216275;0.782494;0.21491;0.122442;139.523906;1.062527;1.062506;0.133817;0.115909;24.73337;233.593384;2.693131;0.615638;1.444954;0.264074;0.534748;11.497349;1.460544;2.569203;1;3.252017;71.156409;4.166535;1.194057;0.00346;1.443902;0.199401;1.226592;9.320698;79.825761;0.567089;7.114735;47.83016;0.047972;1.057516;2734.887393;0.454951;14.996521;9.634546;954.713078;5.060284;4.936891;6.275287;0.304588;5.73509;0.280301;0.4228;32.759148;24.629164;24.696749;0.575086;0.570858;0.261719;1.440526
CZK;0.048152;182.242447;67.027026;0.066505;0.240618;0.066085;0.037651;42.903802;0.326729;0.326722;0.041149;0.035642;7.605547;71.830302;0.828142;0.18931;0.444326;0.081203;0.164436;3.535451;0.449119;0.790034;0.307501;1;21.880698;1.281215;0.367174;0.001064;0.444002;0.061316;0.377179;2.866128;24.546536;0.174381;2.187791;14.707843;0.014751;0.325188;840.981812;0.139898;4.611452;2.962637;293.575646;1.556045;1.518101;1.92966;0.093661;1.763549;0.086193;0.130012;10.073485;7.573503;7.594286;0.17684;0.17554;0.080479;0.442964
CRC;0.002201;8.328914;3.063295;0.003039;0.010997;0.00302;0.001721;1.960806;0.014932;0.014932;0.001881;0.001629;0.347592;3.282816;0.037848;0.008652;0.020307;0.003711;0.007515;0.161579;0.020526;0.036106;0.014054;0.045702;1;0.058555;0.016781;0.000049;0.020292;0.002802;0.017238;0.130989;1.121835;0.00797;0.099987;0.672183;0.000674;0.014862;38.434871;0.006394;0.210754;0.1354;13.417106;0.071115;0.069381;0.08819;0.004281;0.080598;0.003939;0.005942;0.460382;0.346127;0.347077;0.008082;0.008023;0.003678;0.020244
HNL;0.037583;142.241849;52.315189;0.051908;0.187805;0.05158;0.029387;33.486799;0.255015;0.255009;0.032117;0.027819;5.936197;56.064189;0.646372;0.147758;0.3468;0.06338;0.128344;2.759451;0.350542;0.616628;0.240008;0.780509;17.078079;1;0.286583;0.00083;0.346548;0.047858;0.294391;2.237038;19.15879;0.136106;1.70759;11.479602;0.011514;0.253812;656.393778;0.109192;3.599279;2.312364;229.138401;1.214507;1.184891;1.506117;0.073103;1.376465;0.067274;0.101475;7.862445;5.911187;5.927408;0.138025;0.13701;0.062815;0.345737
GTQ;0.131143;496.337825;182.548297;0.181126;0.655324;0.179983;0.102543;116.848628;0.889846;0.889829;0.112069;0.097072;20.713729;195.630033;2.255446;0.515585;1.210122;0.221157;0.447841;9.628812;1.223178;2.151659;0.837481;2.723503;59.592145;3.489394;1;0.002898;1.209241;0.166994;1.027248;7.805908;66.852562;0.474926;5.958455;40.056852;0.040176;0.88565;2290.416371;0.381012;12.559302;8.06875;799.554113;4.237892;4.134553;5.255434;0.255087;4.803029;0.234746;0.354087;27.435166;20.626458;20.68306;0.481624;0.478083;0.219185;1.206413
CLF;45.257082;171284.477982;62996.78998;62.505978;226.150048;62.111497;35.38731;40324.06;307.082878;307.076765;38.674656;33.499213;7148.236586;67511.25223;778.34678;177.92662;417.608931;76.320565;154.548409;3322.869995;422.114528;742.530182;289.011833;939.871479;20565.044315;1204.177807;345.096564;1;417.304829;57.629104;354.499628;2693.792031;23070.589513;163.895455;2056.242484;13823.482135;13.864507;305.634651;790414.819891;131.486094;4334.171961;2784.497851;275923.377113;1462.4821;1426.820022;1813.632301;88.029557;1657.508946;81.010177;122.194121;9467.78154;7118.119834;7137.652791;166.206633;164.984692;75.639891;416.328948
UVR;0.108451;410.4541;150.961086;0.149785;0.54193;0.14884;0.0848;96.629747;0.735872;0.735857;0.092677;0.080275;17.129532;161.779226;1.865176;0.426371;1.000729;0.182889;0.370349;7.962692;1.011526;1.779347;0.692568;2.252242;49.280629;2.885607;0.826965;0.002396;1;0.138098;0.849498;6.455214;55.284741;0.392748;4.927435;33.125622;0.033224;0.732401;1894.094592;0.315084;10.386105;6.672575;661.203413;3.504589;3.419131;4.346061;0.210948;3.971938;0.194127;0.292817;22.687927;17.057363;17.10417;0.398286;0.395358;0.181258;0.997661
SGD;0.785316;2972.187061;1093.141926;1.084625;3.924233;1.07778;0.614053;699.716932;5.328608;5.328501;0.671096;0.58129;124.038655;1171.478424;13.506141;3.087444;7.246494;1.324341;2.681777;57.659581;7.324676;12.884639;5.015033;16.308973;356.851709;20.895307;5.988234;0.017352;7.241217;1;6.151399;46.743604;400.328789;2.84397;35.680625;239.869807;0.240582;5.303477;13715.549292;2.281592;75.20804;48.317563;4787.91716;25.377491;24.758671;31.47077;1.527519;28.761664;1.405716;2.120354;164.288195;123.516059;123.855001;2.884075;2.862871;1.312529;7.224283
HKD;0.127665;483.172519;177.706223;0.176322;0.637942;0.175209;0.099823;113.749231;0.866243;0.866226;0.109096;0.094497;20.164299;190.440968;2.195621;0.501909;1.178024;0.215291;0.435962;9.373409;1.190733;2.094587;0.815267;2.651262;58.011469;3.396838;0.973475;0.002821;1.177166;0.162565;1;7.598857;65.079305;0.462329;5.800408;38.994349;0.03911;0.862158;2229.663328;0.370906;12.226168;7.854727;778.346028;4.125483;4.024884;5.116034;0.248321;4.67563;0.22852;0.344695;26.707451;20.079344;20.134444;0.468849;0.465402;0.213371;1.174413
DOP;0.016801;63.584893;23.385914;0.023204;0.083952;0.023057;0.013137;14.969255;0.113997;0.113994;0.014357;0.012436;2.653596;25.061791;0.288941;0.066051;0.155026;0.028332;0.057372;1.233529;0.156699;0.275645;0.107288;0.348903;7.634236;0.44702;0.128108;0.000371;0.154914;0.021393;0.131599;1;8.564354;0.060842;0.763326;5.131607;0.005147;0.113459;293.420877;0.048811;1.608948;1.033672;102.429354;0.542908;0.52967;0.673264;0.032679;0.615307;0.030073;0.045361;3.514667;2.642416;2.649667;0.0617;0.061246;0.028079;0.154551
VEF;0.001962;7.424365;2.73061;0.002709;0.009803;0.002692;0.001534;1.747856;0.013311;0.01331;0.001676;0.001452;0.309842;2.926291;0.033738;0.007712;0.018101;0.003308;0.006699;0.144031;0.018297;0.032185;0.012527;0.040739;0.891397;0.052195;0.014958;0.000043;0.018088;0.002498;0.015366;0.116763;1;0.007104;0.089128;0.599182;0.000601;0.013248;34.260712;0.005699;0.187866;0.120695;11.959962;0.063392;0.061846;0.078612;0.003816;0.071845;0.003511;0.005297;0.410383;0.308537;0.309383;0.007204;0.007151;0.003279;0.018046
PLN;0.276134;1045.083756;384.371793;0.381377;1.379843;0.37897;0.215914;246.035254;1.873651;1.873614;0.235971;0.204394;43.614611;411.91656;4.749044;1.08561;2.54802;0.465666;0.942969;20.274327;2.575511;4.530511;1.763391;5.734579;125.476599;7.347231;2.10559;0.006101;2.546165;0.351621;2.162962;16.436039;140.764059;1;12.546062;84.343291;0.084594;1.864815;4822.676861;0.802256;26.444735;16.989476;1683.532814;8.923262;8.705672;11.065788;0.537108;10.113209;0.49428;0.745561;57.7672;43.430855;43.550035;1.014102;1.006646;0.461513;2.54021
TRY;0.02201;83.299747;30.636849;0.030398;0.109982;0.030206;0.01721;19.610557;0.149342;0.149339;0.018808;0.016291;3.476359;32.83234;0.378529;0.08653;0.203093;0.037117;0.075161;1.615991;0.205284;0.36111;0.140553;0.457082;10.001274;0.585621;0.167829;0.000486;0.202945;0.028026;0.172402;1.310056;11.219781;0.079706;1;6.722691;0.006743;0.148637;384.39767;0.063945;2.107812;1.354168;134.188151;0.71124;0.693897;0.882013;0.042811;0.806086;0.039397;0.059426;4.604409;3.461712;3.471212;0.08083;0.080236;0.036785;0.202471
HUF;0.003274;12.390834;4.55723;0.004522;0.01636;0.004493;0.00256;2.91707;0.022215;0.022214;0.002798;0.002423;0.517108;4.883809;0.056306;0.012871;0.03021;0.005521;0.01118;0.240379;0.030536;0.053715;0.020907;0.067991;1.487689;0.087111;0.024965;0.000072;0.030188;0.004169;0.025645;0.194871;1.668942;0.011856;0.14875;1;0.001003;0.02211;57.17914;0.009512;0.313537;0.201432;19.960483;0.105797;0.103217;0.131199;0.006368;0.119905;0.00586;0.00884;0.684906;0.51493;0.516343;0.012023;0.011935;0.005472;0.030118
KWD;3.26424;12354.170067;4543.745389;4.508345;16.311438;4.479892;2.552367;2908.438061;22.148849;22.148408;2.789472;2.416185;515.578128;4869.358282;56.139521;12.833245;30.12072;5.504744;11.147054;239.667374;30.445693;53.556191;20.845446;67.789751;1483.28709;86.853272;24.890648;0.072127;30.098786;4.156592;25.568859;194.294108;1664.003591;11.821225;148.309816;997.041012;1;22.044394;57009.947564;9.483647;312.609164;200.836412;19901.419945;105.483887;102.911702;130.811164;6.349274;119.550514;5.84299;8.813449;682.87906;513.405908;514.814754;11.987922;11.899788;5.45565;30.028399
TTD;0.148076;560.422312;206.117957;0.204512;0.739936;0.203221;0.115783;131.935498;1.004738;1.004718;0.126539;0.109605;23.388175;220.888737;2.546658;0.582155;1.366366;0.249712;0.505664;10.872033;1.381108;2.42947;0.945612;3.075147;67.286364;3.939926;1.129115;0.003272;1.365371;0.188556;1.15988;8.813765;75.484208;0.536246;6.727779;45.228779;0.045363;1;2586.142691;0.430207;14.180892;9.110544;902.788266;4.785066;4.668384;5.933988;0.288022;5.423171;0.265056;0.399805;30.977448;23.289636;23.353546;0.543808;0.53981;0.247485;1.362178
IDR;0.000057;0.216702;0.079701;0.000079;0.000286;0.000079;0.000045;0.051016;0.000389;0.000389;0.000049;0.000042;0.009044;0.085412;0.000985;0.000225;0.000528;0.000097;0.000196;0.004204;0.000534;0.000939;0.000366;0.001189;0.026018;0.001523;0.000437;0.000001;0.000528;0.000073;0.000448;0.003408;0.029188;0.000207;0.002601;0.017489;0.000018;0.000387;1;0.000166;0.005483;0.003523;0.349087;0.00185;0.001805;0.002295;0.000111;0.002097;0.000102;0.000155;0.011978;0.009006;0.00903;0.00021;0.000209;0.000096;0.000527
ILS;0.344197;1302.681317;479.113708;0.475381;1.719954;0.472381;0.269133;306.679275;2.335478;2.335431;0.294135;0.254774;54.364963;513.44785;5.919613;1.353197;3.176069;0.580446;1.175397;25.271646;3.210336;5.647215;2.198041;7.148068;156.404709;9.158214;2.624586;0.007605;3.173756;0.43829;2.6961;20.487277;175.4603;1.246485;15.638479;105.132655;0.105445;2.324464;6011.394788;1;32.962968;21.177128;2098.498547;11.122713;10.85149;13.793339;0.669497;12.605964;0.616112;0.929331;72.005953;54.135914;54.284469;1.264062;1.254769;0.575269;3.166334
INR;0.010442;39.519539;14.534908;0.014422;0.052178;0.014331;0.008165;9.303752;0.070852;0.07085;0.008923;0.007729;1.649274;15.576505;0.179584;0.041052;0.096353;0.017609;0.035658;0.766668;0.097392;0.17132;0.066682;0.216851;4.744861;0.277833;0.079622;0.000231;0.096282;0.013296;0.081792;0.621524;5.322952;0.037815;0.474426;3.189417;0.003199;0.070517;182.368126;0.030337;1;0.642452;63.662305;0.337431;0.329202;0.41845;0.020311;0.382428;0.018691;0.028193;2.18445;1.642325;1.646832;0.038348;0.038066;0.017452;0.096057
PHP;0.016253;61.513597;22.624112;0.022448;0.081218;0.022306;0.012709;14.481627;0.110283;0.110281;0.013889;0.012031;2.567155;24.245396;0.279529;0.063899;0.149976;0.027409;0.055503;1.193346;0.151594;0.266666;0.103793;0.337537;7.385549;0.432458;0.123935;0.000359;0.149867;0.020696;0.127312;0.967425;8.285368;0.05886;0.738461;4.964443;0.004979;0.109763;283.862607;0.047221;1.556536;1;99.092688;0.525223;0.512416;0.651332;0.031614;0.595263;0.029093;0.043884;3.400176;2.556339;2.563354;0.05969;0.059251;0.027165;0.149517
PYG;0.000164;0.620768;0.228313;0.000227;0.00082;0.000225;0.000128;0.146142;0.001113;0.001113;0.00014;0.000121;0.025907;0.244674;0.002821;0.000645;0.001513;0.000277;0.00056;0.012043;0.00153;0.002691;0.001047;0.003406;0.074532;0.004364;0.001251;0.000004;0.001512;0.000209;0.001285;0.009763;0.083612;0.000594;0.007452;0.050099;0.00005;0.001108;2.864617;0.000477;0.015708;0.010092;1;0.0053;0.005171;0.006573;0.000319;0.006007;0.000294;0.000443;0.034313;0.025797;0.025868;0.000602;0.000598;0.000274;0.001509
THB;0.030945;117.119025;43.075255;0.04274;0.154634;0.04247;0.024197;27.572344;0.209974;0.20997;0.026445;0.022906;4.887743;46.162105;0.532209;0.121661;0.285548;0.052186;0.105675;2.272076;0.288629;0.507719;0.197617;0.642655;14.061741;0.82338;0.235966;0.000684;0.28534;0.039405;0.242396;1.841932;15.774955;0.112067;1.405995;9.452069;0.00948;0.208984;540.461193;0.089906;2.963573;1.903953;188.667866;1;0.975615;1.240106;0.060192;1.133353;0.055392;0.083553;6.473776;4.86715;4.880506;0.113647;0.112811;0.05172;0.284673
TWD;0.031719;120.04631;44.151883;0.043808;0.158499;0.043531;0.024802;28.26149;0.215222;0.215218;0.027105;0.023478;5.009908;47.315885;0.545512;0.124702;0.292685;0.05349;0.108317;2.328864;0.295843;0.520409;0.202557;0.658718;14.413201;0.843959;0.241864;0.000701;0.292472;0.04039;0.248454;1.887969;16.169236;0.114868;1.441137;9.688315;0.009717;0.214207;553.969532;0.092153;3.037644;1.951541;193.383449;1.024994;1;1.271101;0.061696;1.16168;0.056777;0.085641;6.635582;4.9888;5.00249;0.116487;0.115631;0.053013;0.291788
UYU;0.024954;94.442781;34.73515;0.034465;0.124695;0.034247;0.019512;22.233867;0.169319;0.169316;0.021324;0.018471;3.941392;37.224333;0.429165;0.098105;0.230261;0.042082;0.085215;1.832163;0.232745;0.409416;0.159355;0.518226;11.339148;0.663959;0.190279;0.000551;0.230093;0.031776;0.195464;1.485302;12.720654;0.090369;1.13377;7.621987;0.007645;0.168521;435.818671;0.072499;2.389774;1.535316;152.138544;0.806383;0.78672;1;0.048538;0.913917;0.044667;0.067375;5.220342;3.924787;3.935557;0.091643;0.090969;0.041706;0.229555
UDI;0.514112;1945.760988;715.63225;0.710057;2.569024;0.705575;0.401994;458.074098;3.488406;3.488337;0.439337;0.380545;81.202687;766.915732;8.84188;2.021215;4.743963;0.866988;1.755642;37.747208;4.795145;8.43501;3.283123;10.676772;233.61522;13.679244;3.920235;0.01136;4.740508;0.654656;4.027052;30.600995;262.077764;1.861823;23.358546;157.032281;0.157498;3.471955;8978.970767;1.493658;49.235417;31.631397;3134.440138;16.613535;16.20842;20.602538;1;18.829005;0.920261;1.388103;107.552302;80.860566;81.082457;1.888078;1.874197;0.859256;4.729422
NIO;0.027304;103.338494;38.006908;0.037711;0.13644;0.037473;0.02135;24.32811;0.185268;0.185264;0.023333;0.020211;4.312638;40.730551;0.469588;0.107346;0.25195;0.046045;0.093241;2.004737;0.254668;0.44798;0.174365;0.567039;12.4072;0.726499;0.208202;0.000603;0.251766;0.034769;0.213875;1.625205;13.918833;0.098881;1.240562;8.339914;0.008365;0.184394;476.869112;0.079328;2.614871;1.679929;166.468711;0.882337;0.860822;1.094192;0.05311;1;0.048875;0.073722;5.712055;4.294468;4.306253;0.100275;0.099538;0.045635;0.251177
ANG;0.558659;2114.357542;777.640447;0.771582;2.791625;0.766712;0.436825;497.765363;3.79067;3.790595;0.477405;0.413519;88.238748;833.367547;9.608012;2.196349;5.155018;0.942111;1.907765;41.017933;5.210636;9.165888;3.567599;11.601894;253.857542;14.864525;4.259916;0.012344;5.151264;0.711381;4.375989;33.252514;284.786313;2.023146;25.382521;170.638835;0.171145;3.772793;9756.981808;1.623081;53.501574;34.372198;3406.03352;18.053066;17.612849;22.387709;1.086648;20.460503;1;1.50838;116.871508;87.866983;88.108101;2.051676;2.036592;0.933709;5.139218
XCD;0.37037;1401.740741;515.546815;0.51153;1.850744;0.508302;0.289599;330;2.513074;2.513024;0.316502;0.274148;58.499022;552.491818;6.369756;1.456098;3.417586;0.624585;1.264778;27.19337;3.454459;6.076644;2.365186;7.691626;168.298148;9.85463;2.824167;0.008184;3.415097;0.471619;2.901119;22.045185;188.802778;1.341271;16.827671;113.127227;0.113463;2.501222;6468.517569;1.076043;35.469562;22.787494;2258.074074;11.968514;11.676667;14.842222;0.720407;13.564556;0.662963;1;77.481481;58.252556;58.412407;1.360185;1.350185;0.619014;3.407111
GYD;0.00478;18.0913;6.653807;0.006602;0.023886;0.00656;0.003738;4.259082;0.032435;0.032434;0.004085;0.003538;0.755006;7.130631;0.08221;0.018793;0.044108;0.008061;0.016324;0.350966;0.044584;0.078427;0.030526;0.099271;2.172108;0.127187;0.03645;0.000106;0.044076;0.006087;0.037443;0.284522;2.436747;0.017311;0.217183;1.460055;0.001464;0.032282;83.484691;0.013888;0.457781;0.294102;29.143403;0.154469;0.150703;0.191558;0.009298;0.175068;0.008556;0.012906;1;0.751826;0.753889;0.017555;0.017426;0.007989;0.043973
ETB;0.006358;24.063163;8.850201;0.008781;0.031771;0.008726;0.004971;5.664988;0.043141;0.04314;0.005433;0.004706;1.004231;9.484422;0.109347;0.024996;0.058668;0.010722;0.021712;0.466818;0.059301;0.104315;0.040602;0.132039;2.889112;0.169171;0.048481;0.00014;0.058626;0.008096;0.049802;0.378442;3.241107;0.023025;0.288874;1.942013;0.001948;0.042938;111.04264;0.018472;0.608893;0.391184;38.76352;0.205459;0.200449;0.254791;0.012367;0.232858;0.011381;0.017167;1.330096;1;1.002744;0.02335;0.023178;0.010626;0.058489
JMD;0.006341;23.997312;8.825981;0.008757;0.031684;0.008702;0.004958;5.649485;0.043023;0.043022;0.005418;0.004693;1.001483;9.458467;0.109048;0.024928;0.058508;0.010693;0.021653;0.465541;0.059139;0.10403;0.040491;0.131678;2.881205;0.168708;0.048349;0.00014;0.058465;0.008074;0.049666;0.377406;3.232238;0.022962;0.288084;1.936699;0.001942;0.04282;110.73876;0.018421;0.607227;0.390114;38.657439;0.204897;0.1999;0.254094;0.012333;0.23222;0.01135;0.01712;1.326456;0.997263;1;0.023286;0.023115;0.010597;0.058329
AED;0.272294;1030.551396;379.02693;0.376074;1.360656;0.3737;0.212912;242.614023;1.847597;1.84756;0.23269;0.201552;43.008131;406.188675;4.683007;1.070515;2.512589;0.459191;0.929857;19.992403;2.539697;4.467512;1.738871;5.654837;123.73179;7.245065;2.07631;0.006017;2.510759;0.346732;2.132885;16.207488;138.806671;0.986095;12.371603;83.17046;0.083417;1.838884;4755.615367;0.7911;26.07701;16.753229;1660.122532;8.79918;8.584615;10.911913;0.529639;9.97258;0.487406;0.735194;56.963921;42.82693;42.944452;1;0.992648;0.455096;2.504888
QAR;0.274311;1038.184063;381.834152;0.378859;1.370734;0.376468;0.214488;244.410918;1.861281;1.861244;0.234414;0.203044;43.326666;409.197068;4.717691;1.078443;2.531198;0.462592;0.936744;20.140475;2.558507;4.5006;1.751749;5.696719;124.648196;7.298724;2.091688;0.006061;2.529355;0.3493;2.148682;16.327527;139.834728;0.993398;12.463232;83.786453;0.084035;1.852503;4790.837316;0.796959;26.270146;16.87731;1672.41805;8.86435;8.648196;10.992731;0.533562;10.046441;0.491016;0.740639;57.385818;43.144123;43.262515;1.007406;1;0.458466;2.52344
BGN;0.598323;2264.472819;832.851408;0.826363;2.989825;0.821147;0.467839;533.105737;4.059801;4.05972;0.5113;0.442878;94.503528;892.535024;10.290163;2.352286;5.521014;1.008999;2.043213;43.930127;5.580581;9.816648;3.820892;12.425606;271.880934;15.919878;4.562362;0.013221;5.516994;0.761888;4.686676;35.613378;305.005588;2.166786;27.18463;182.75386;0.183296;4.040654;10449.708559;1.738317;57.300082;36.812558;3647.855282;19.334799;18.863327;23.977193;1.163798;21.913159;1.070998;1.615472;125.169158;94.105368;94.363605;2.197341;2.181186;1;5.504092
MAD;0.108705;411.41621;151.31494;0.150136;0.5432;0.149189;0.084998;96.856248;0.737597;0.737582;0.092894;0.080463;17.169684;162.158439;1.869548;0.42737;1.003074;0.183318;0.371217;7.981357;1.013897;1.783518;0.694191;2.257521;49.396143;2.892371;0.828904;0.002402;1.002344;0.138422;0.851489;6.470345;55.41433;0.393668;4.938985;33.203269;0.033302;0.734118;1898.534377;0.315823;10.410451;6.688216;662.753283;3.512804;3.427146;4.356248;0.211442;3.981248;0.194582;0.293504;22.741108;17.097345;17.144263;0.399219;0.396284;0.181683;1
